Timestamp_ns,Prefetch_Address,Confidence
1765869156045707520,0x7fe2ae000000,0.75
1765869156045717504,0x7fe2ae000000,0.69
1765869156045727488,0x7fe2ae000000,0.68
1765869156045737472,0x7fe2ae000000,0.68
1765869156045747456,0x7fe2ae000000,0.66
1765869156045757440,0x7fe2ae000000,0.61
1765869156045767424,0x7fe2ae000000,0.65
1765869156045777408,0x7fe2ae000000,0.64
1765869156045787392,0x7fe2ae000000,0.60
1765869156045797376,0x7fe2ae000000,0.61
1765869156045807360,0x7fe2ae000000,0.61
1765869156045817344,0x7fe2ae000000,0.61
1765869156045827328,0x7fe2ae000000,0.61
1765869156045837312,0x7fe2ae000000,0.61
1765869156045847296,0x7fe2ae000000,0.61
1765869156045857280,0x7fe2ae000000,0.61
1765869156045867264,0x7fe2ae000000,0.61
1765869156045877248,0x7fe2ae000000,0.61
1765869156045887232,0x7fe2ae000000,0.61
1765869156045897216,0x7fe2ae000000,0.61
